{
  "result":
  [
    {
      "AreaID":10240,
      "RegionID":10000,
      "South":29.75,
      "North":30,
      "West":123.25,
      "East":123.5,
      "RegionName":"Shanghai",
      "CellName":"S-15,14",
      "GridCol":15,
      "GridRow":14,
      "SquareNMI":195.101,
      "Trips":15,
      "Pos":3693,
      "NMI":170.106,
      "Hours":12.0819,
      "PM10":12354050,
      "PM2_5":1135,
      "NOX":1446,
      "SOX":127997000
      "trips" : [
          {
            "TripID":1,
            "RegionID":10000,
            "CellID":10157,
            "StartTime":1409270549,
            "EndTime":1409324539,
            "MMSI":209075000,
            "IMO":9336282,
            "Name": "WENDE [CY]",
            "PositionCount":1045,
            "NMI":6.51125,
            "Hours":14.99722,
            "MeanSpeed":0.4342,
            "MeanDraught":5.9,
            "PM10":1235,
            "PM2_5":15,
            "NOX":46,
            "SOX":1279
          },
          {
            "TripID":2,
            "RegionID":10000,
            "CellID":10157,
            "StartTime":1409324558,
            "EndTime":1409324775,
            "MMSI":209075000,
            "IMO":9336282,
            "Name": "WENDE [CY]",
            "PositionCount":37,
            "NMI":1.29136,
            "Hours":0.06028,
            "MeanSpeed":21.4235,
            "MeanDraught":5.9,
            "PM10":4050,
            "PM2_5":35,
            "NOX":14,
            "SOX":1270
          },
          {
            "TripID":3,
            "RegionID":10000,
            "CellID":10156,
            "StartTime":1409324783,
            "EndTime":1409330058,
            "MMSI":209075000,
            "IMO":9336282,
            "Name": "WENDE [CY]",
            "PositionCount":130,
            "NMI":1.23668,
            "Hours":1.46528,
            "MeanSpeed":0.844,
            "MeanDraught":5.9,
            "PM10":1505,
            "PM2_5":135,
            "NOX":446,
            "SOX":799
          },
          {
            "TripID":4,
            "RegionID":10000,
            "CellID":10157,
            "StartTime":1409330067,
            "EndTime":1409331762,
            "MMSI":209075000,
            "IMO":9336282,
            "Name": "WENDE [CY]",
            "PositionCount":186,
            "NMI":4.39439,
            "Hours":0.47083,
            "MeanSpeed":9.3332,
            "MeanDraught":5.9,
            "PM10":540,
            "PM2_5":11,
            "NOX":146,
            "SOX":700
          },
          {
            "TripID":5,
            "RegionID":10000,
            "CellID":10173,
            "StartTime":1409331768,
            "EndTime":1409336223,
            "MMSI":209075000,
            "IMO":9336282,
            "Name": "WENDE [CY]",
            "PositionCount":810,
            "NMI":16.95638,
            "Hours":1.2375,
            "MeanSpeed":13.7021,
            "MeanDraught":5.9,
            "PM10":3545,
            "PM2_5":113,
            "NOX":144,
            "SOX":127
          },
          {
            "TripID":6,
            "RegionID":10000,
            "CellID":10157,
            "StartTime":1409336229,
            "EndTime":1409353830,
            "MMSI":209075000,
            "IMO":9336282,
            "Name": "WENDE [CY]",
            "PositionCount":691,
            "NMI":1.62419,
            "Hours":4.88917,
            "MeanSpeed":0.3322,
            "MeanDraught":5.9,
            "PM10":12354,
            "PM2_5":1135,
            "NOX":1446,
            "SOX":9700
          }
        ]
    }
  ]